{"B0401": {"B0401": [0, [], "B0401"], "START": [128.4562182223967, ["B0401"], "B0401 -> START"], "B1201": [80.36215828695117, ["B0401", "L01"], "B0401 -> L01 -> B1201"], "B0304": [122.06690184265901, ["B0401", "L14"], "B0401 -> L14 -> B0304"], "B0301": [253.77883594018348, ["B0401", "L14", "END"], "B0401 -> L14 -> END -> B0301"], "END": [193.6124001142182, ["B0401", "L14"], "B0401 -> L14 -> END"], "L01": [45.880278987817846, ["B0401"], "B0401 -> L01"], "B0402": [91.23444086961211, ["B0401", "L01"], "B0401 -> L01 -> B0402"], "B1204": [78.52993442244687, ["B0401", "L01"], "B0401 -> L01 -> B1204"], "B1202": [118.3753139044476, ["B0401", "L01", "B1201"], "B0401 -> L01 -> B1201 -> B1202"], "B1203": [117.54275282870918, ["B0401", "L01", "B1204"], "B0401 -> L01 -> B1204 -> B1203"], "L02": [151.15822545665242, ["B0401", "L01", "B1204", "B1203"], "B0401 -> L01 -> B1204 -> B1203 -> L02"], "B0802": [193.13440918028311, ["B0401", "L01", "B1204", "B1203", "L02"], "B0401 -> L01 -> B1204 -> B1203 -> L02 -> B0802"], "B0801": [195.12412133061363, ["B0401", "L01", "B1204", "B1203", "L02"], "B0401 -> L01 -> B1204 -> B1203 -> L02 -> B0801"], "B0303": [176.07616030822211, ["B0401", "L14", "B0304"], "B0401 -> L14 -> B0304 -> B0303"], "B1404": [158.57932188607558, ["B0401", "L01", "B1204", "B1203"], "B0401 -> L01 -> B1204 -> B1203 -> B1404"], "B1403": [136.16557654899958, ["B0401", "L01", "B1204", "B1402"], "B0401 -> L01 -> B1204 -> B1402 -> B1403"], "B1402": [107.16557654899958, ["B0401", "L01", "B1204"], "B0401 -> L01 -> B1204 -> B1402"], "B1401": [88.89190532303098, ["B0401", "L01"], "B0401 -> L01 -> B1401"], "L11": [109.57486274499456, ["B0401", "L01"], "B0401 -> L01 -> L11"], "B1408": [135.99455237224038, ["B0401", "L01", "L11"